<?xml version="1.0" encoding="UTF-8"?>
<project-private xmlns="http://www.netbeans.org/ns/project-private/1">
    <editor-bookmarks xmlns="http://www.netbeans.org/ns/editor-bookmarks/2" lastBookmarkId="0"/>
    <open-files xmlns="http://www.netbeans.org/ns/projectui-open-files/2">
        <group>
            <file>file:/C:/Users/Nuno/Desktop/Ford_Configurator/src/Main/Data/UtilizadorDAO.java</file>
            <file>file:/C:/Users/Nuno/Desktop/Ford_Configurator/src/Main/Presentation/Pacote_Desportivo.java</file>
            <file>file:/C:/Users/Nuno/Desktop/Ford_Configurator/src/Main/Data/VeiculoDAO.java</file>
            <file>file:/C:/Users/Nuno/Desktop/Ford_Configurator/src/Main/Presentation/Veiculos.java</file>
            <file>file:/C:/Users/Nuno/Desktop/Ford_Configurator/src/Main/Data/ConfiguracaoDAO.java</file>
            <file>file:/C:/Users/Nuno/Desktop/Ford_Configurator/src/Main/Presentation/Pacote_Citadino.java</file>
            <file>file:/C:/Users/Nuno/Desktop/Ford_Configurator/src/Main/Business/Veiculo.java</file>
        </group>
    </open-files>
</project-private>
